"ID";"TotAreaM2";"WaterM2";"BuildUpM2";"OpenM2";"BRONnetwM";"BikeOsmM";"accidents";"BasisSchoolsAmsterdam";"BicyclePathsAmsterdamCrossings";"BronNetworkCrossings";"ChildDaycareAmsterdam2011";"HighAndUniAmsterdam2011";"OSMAlcoholBarsNightclubs";"OSMbikeBarriers2014";"OSMbusAndTramStops";"OSMcrossings";"OSMhostelsHotels";"OSMmotorwayJunctions";"OSMNetworkAmsterdamCrossings";"PriorityToRight";"SchoolsAmsterdam2011";"SecondarySchoolsAmsterdam2011";"SpecialSchoolsAmsterdam2011";"TrafficLightsAmsterdam"
1;490000;19657,7340716;931,019454035;469411,25;860,055713533;15,4895682128;17;1;3;6;1;2;1;1;2;2;1;1;8;2;1;1;1;2
2;490000;52070,2399959;3643,357451;434286,4;2117,08672742;475,021084839;3;3;2;6;3;1;1;2;6;2;1;2;54;2;3;1;1;1
3;490000;37286,8123464;3575,96178215;449137,23;3045,24788821;940,946662447;89;2;4;5;6;1;2;1;4;1;1;1;27;1;4;1;1;3
4;490000;48270,7724823;3032,66454057;438696,56;1878,93570855;1638,28328931;37;1;2;9;4;2;2;4;6;1;1;1;117;1;9;1;1;1
5;490000;40807,7992714;19920,7473177;429271,45;4020,55115316;1018,91851157;8;1;2;65;2;1;1;2;1;2;3;1;104;1;6;1;1;1
6;490000;25627,7801341;7999,05766127;456373,16;1870,55524335;315,426333661;18;1;9;18;2;1;1;1;5;7;1;2;44;1;3;1;3;4
7;490000;12576,2867464;3993,51287804;473430,2;1187,35467656;284,765370653;94;2;6;22;2;2;1;1;4;26;1;1;20;2;4;1;1;2
8;490000;16614,5039378;42656,9616145;430728,53;2862,74588869;438,669806062;26;1;2;22;3;1;1;2;4;2;1;2;49;5;3;1;1;1
9;490000;20275,4296107;76840,9679452;392883,6;7542,02702913;2619,82570352;86;1;4;145;1;2;1;1;2;2;1;1;299;2;3;1;1;3
10;490000;26548,3640858;97589,3917861;365862,24;3688,36123994;1324,61149822;42;3;3;52;2;2;1;2;4;8;1;2;180;1;3;1;1;1
11;490000;9494,20993376;103737,673863;376768,12;11579,2262618;1491,15907908;90;1;4;205;3;1;1;2;7;10;1;2;264;2;4;1;1;5
12;490000;17859,4187665;81202,265223;390938,32;8517,47454503;1160,35222829;150;1;2;150;1;1;1;2;4;14;2;1;247;8;4;1;1;3
13;490000;40365,7625526;91903,0020066;357731,24;4876,4232087;464,436611423;71;1;2;46;1;2;1;1;2;14;1;1;145;8;3;1;1;2
14;490000;29502,0378673;93799,3967596;366698,57;7372,30428742;594,59013383;80;1;2;86;3;3;2;3;2;5;1;1;185;1;1;2;1;3
15;490000;17028,8926345;73298,7899375;399672,32;8470,05843384;1341,5401388;31;1;4;149;1;2;1;5;2;9;1;1;301;1;7;1;1;1
16;490000;19631,4086564;61780,1627639;408588,43;8838,48727334;997,665624022;46;2;6;186;2;4;1;5;14;5;1;1;316;2;1;1;1;1
17;490000;33763,3903453;56702,8182824;399533,79;6682,99443549;2095,99809393;3;1;6;160;9;1;1;1;4;32;1;1;226;1;6;1;1;1
18;490000;27929,2791418;57320,4748948;404750,25;7242,65127714;1880,87313716;3;1;4;151;5;2;1;1;2;19;1;1;146;1;11;4;1;3
19;490000;16276,3465342;25745,20157;447978,45;1537,22581485;181,944000824;96;3;2;15;5;10;1;1;7;46;1;1;32;1;5;1;1;2
20;490000;7162,79791277;1543,95501003;481293,25;563,635691209;586,989635983;134;2;11;5;2;8;1;2;2;6;6;1;3;3;6;2;1;2
21;490000;22983,3458577;140306,820663;326709,83;6832,79674943;1470,57606759;113;2;2;115;3;1;1;1;2;2;1;1;280;4;1;1;1;1
22;490000;30906,1017853;90617,6619257;368476,24;6702,30762614;918,520649874;129;1;8;126;5;1;1;6;8;18;1;2;256;3;4;1;2;3
23;490000;61152,1753761;30925,8733831;397921,95;8725,00703805;1486,43706459;13;2;2;159;3;1;1;2;2;3;3;2;215;5;7;6;1;2
24;490000;50298,1760269;21961,809516;417740,01;7795,18134671;200,610348428;9;3;5;76;1;1;1;2;8;3;2;1;237;1;8;2;3;1
25;490000;147532,118286;43690,7407091;298777,14;3806,95466113;1345,12351991;46;3;5;40;5;1;2;2;6;2;6;1;175;2;2;3;1;1
26;490000;180632,686432;21593,3861131;287773,93;639,980270834;1101,56794061;3;2;6;93;1;2;3;3;6;4;4;1;52;1;5;1;1;2
27;490000;60047,8635535;33807,1903184;396144,95;4903,25630466;2233,75340432;88;2;4;34;1;9;6;1;5;30;11;1;138;1;2;3;1;2
28;490000;49040,3455993;11071,5383642;429888,12;2128,03630047;817,343670718;173;2;27;9;3;14;4;1;8;84;2;1;30;2;3;1;1;1
29;490000;5628,6708879;10055,0880896;474316,24;1646,47686744;17,8590411585;174;1;20;120;2;4;1;2;2;42;2;1;14;1;6;2;2;1
30;490000;12687,2875999;126489,692962;350823,02;6812,87122447;545,361493438;136;1;17;166;1;2;2;1;4;1;1;1;316;1;3;1;1;1
31;490000;9755,5128471;163735,383965;316509,1;9555,70754345;1609,64171164;111;1;11;60;1;2;1;3;2;40;2;1;436;4;1;1;2;1
32;490000;24544,0793162;37105,0499005;428350,87;6330,28684768;525,85020476;77;1;12;222;2;1;1;1;6;44;33;1;193;4;2;2;1;2
33;490000;24168,9230527;55794,995863;410036,08;10262,0144832;1658,79955999;65;1;4;207;1;1;1;1;8;30;9;2;246;3;5;1;1;1
34;490000;24533,4854945;58046,3577229;407420,16;11171,2348339;411,597171533;12;2;4;23;3;1;1;1;3;26;10;1;275;3;1;2;1;1
35;490000;54623,1418341;14650,1307234;420726,73;3944,0513009;2131,26782941;1;1;15;10;4;1;6;3;2;16;3;1;156;2;3;2;1;6
36;490000;83697,498558;6723,90245235;399578,6;1433,84937677;1808,76451425;14;1;3;3;1;1;8;2;2;44;1;1;17;2;1;2;1;4
37;490000;45862,2264584;1615,79648298;442521,98;560,944704133;99,7089121394;10;1;3;61;5;0;7;1;5;2;1;1;109;1;1;2;1;2
38;490000;46230,5596608;372,754047524;443396,69;703,941452005;282,683578806;19;1;13;174;4;0;2;2;5;4;2;1;13;2;2;1;0;3
39;490000;202,19137428;402,343151953;489395,47;205,701350805;352,779678531;136;1;29;301;3;0;1;1;4;2;1;1;11;1;2;1;0;3
40;490000;16487,2582061;494,730011908;473018,01;450,448804488;447,668082262;124;4;17;169;5;0;1;3;3;12;1;1;90;3;2;2;0;1
41;490000;18809,6868545;119,104773777;471071,21;666,653899864;945,081150744;183;4;7;178;6;0;1;1;2;20;2;1;419;2;3;3;0;4
42;490000;17554,5678178;36014,4615054;436430,97;3989,54462699;837,178407761;64;5;9;162;10;0;1;1;11;61;13;1;514;2;3;1;0;2
43;490000;35716,9427432;66155,4088097;388127,65;9076,7920488;1598,33866486;14;1;7;133;1;0;3;2;10;124;19;2;367;1;7;1;0;2
44;490000;32210,5782283;77183,2143123;380606,21;13392,228703;1627,04272462;110;2;10;269;1;0;18;5;5;10;3;1;293;2;1;1;0;1
45;490000;25976,9293904;72543,7911085;391479,28;9747,73724688;1303,70447181;115;1;8;276;1;0;1;2;5;31;1;2;166;1;4;1;0;3
46;490000;42258,9734891;66920,7216722;380820,3;9471,21830973;635,004288429;110;1;25;156;2;0;3;1;2;49;1;1;214;3;12;2;0;4
47;490000;51112,0836639;38473,9090053;400414,01;6562,54692633;2385,12703293;95;1;37;23;1;0;4;1;2;13;3;1;357;4;10;1;0;5
48;490000;24180,0972801;58311,8365775;407508,07;5943,26575958;2901,51958786;7;1;35;8;1;0;8;1;2;13;17;1;322;1;4;1;0;5
49;490000;31467,2262039;84895,677072;373637,1;11677,6014252;3395,26984757;41;1;18;55;3;0;16;2;8;7;38;1;245;1;11;6;0;2
50;490000;30026,3239974;83460,4413284;376513,23;11540,2457186;3487,59863322;72;2;45;86;5;0;1;2;8;30;2;1;74;2;10;1;0;3
51;490000;43352,8153674;47317,3196027;399329,87;8544,91706393;2335,37774898;45;2;11;124;2;0;3;1;8;18;1;1;125;2;12;2;0;4
52;490000;72164,7200416;4214,18326621;413621,1;2010,21046548;1507,57651197;64;3;3;92;1;0;1;1;11;22;2;1;91;2;2;1;0;7
53;490000;12717,3767065;10793,1685104;466489,45;2045,19055433;641,103466931;111;1;17;152;2;0;1;2;3;26;1;0;127;1;2;1;0;1
54;490000;18560,7882998;20583,453204;450855,76;2916,06973155;1311,06219933;29;1;26;3;1;0;4;1;5;7;1;0;193;1;2;1;0;1
55;490000;6563,70714812;37913,2086583;445523,08;4349,92530624;829,904911756;40;2;30;21;9;0;3;3;7;4;1;0;454;1;2;1;0;5
56;490000;12166,4393612;34584,6256129;443248,94;5502,4513413;1446,51381054;41;3;28;79;10;0;1;1;10;6;2;0;254;0;1;1;0;3
57;490000;24630,8387804;44357,3466213;421011,81;5868,51433164;885,766528999;71;1;6;149;5;0;1;2;5;18;3;0;37;0;2;1;0;3
58;490000;34595,261882;73507,0864467;381897,65;7488,59694966;1636,15099026;79;1;19;214;5;0;1;1;11;3;1;0;76;0;4;2;0;2
59;490000;41908,22839;2130,74711762;445961,02;1171,33657044;2485,67119903;72;3;35;199;13;0;1;5;8;50;1;0;176;0;8;2;0;3
60;490000;0,32248162489;3,45276525105;489996,22;46,5395969168;12,0011210025;185;3;38;39;15;0;1;1;7;28;1;0;300;0;4;2;0;1
61;490000;19780,7857658;6576,48881592;463642,73;3231,21011222;1074,62154617;183;2;33;39;5;0;1;8;2;16;2;0;312;0;3;2;0;2
62;490000;52654,143837;85228,8923156;352116,96;5012,52155444;1876,65962505;17;4;40;46;4;0;0;1;3;10;0;0;352;0;3;1;0;3
63;490000;31501,7153775;93594,7183619;364903,57;8481,34366861;1400,78477541;32;2;28;3;5;0;0;2;4;26;0;0;132;0;2;1;0;5
64;490000;43986,3449156;103804,427072;342209,23;10211,5058005;2187,71869704;111;1;47;6;3;0;0;4;2;34;0;0;97;0;12;1;0;5
65;490000;42250,380095;47775,3210023;399974,3;10508,1267679;2553,53015722;147;1;38;6;1;0;0;2;6;34;0;0;84;0;11;1;0;5
66;490000;109701,657236;5185,47969;375112,86;5432,66068228;3322,98434435;131;2;22;66;5;0;0;2;8;22;0;0;62;0;11;3;0;2
67;490000;21350,9595396;21285,6377209;447363,4;5284,53795981;1038,39300848;225;4;7;28;6;0;0;1;8;1;0;0;93;0;16;1;0;1
68;490000;21031,3350098;48376,0590423;420592,61;2678,71279593;1098,09102936;208;2;7;16;2;0;0;1;2;11;0;0;100;0;16;2;0;7
69;490000;31884,3026097;3943,06589696;454172,63;939,108854744;1847,21533981;455;4;10;50;4;0;0;3;5;22;0;0;353;0;23;1;0;2
70;490000;24019,5176839;10057,1719529;455923,31;1916,17869694;916,76667838;174;2;29;100;1;0;0;1;10;12;0;0;167;0;7;1;0;4
71;490000;23720,3156747;15093,8131233;451185,87;2112,05356122;164,129008842;125;2;31;130;3;0;0;12;10;2;0;0;167;0;11;1;0;1
72;490000;98640,1787236;9139,14228033;382220,68;6345,78665864;1758,42272844;249;1;6;67;2;0;0;1;11;10;0;0;151;0;8;1;0;2
73;490000;86057,1461992;15353,5556979;388589,3;5268,53127676;1146,97115074;99;2;24;110;3;0;0;3;5;6;0;0;349;0;6;0;0;1
74;490000;5070,11029893;10255,8374877;474674,05;5034,25207515;719,92080385;105;1;44;158;5;0;0;4;8;2;0;0;345;0;1;0;0;1
75;490000;153825,64611;37365,1373612;298809,22;5654,81459014;2047,26700305;36;3;44;101;13;0;0;4;9;29;0;0;428;0;3;0;0;4
76;490000;12838,2837344;91759,7837683;385401,93;7862,08714995;2259,45890812;31;5;14;43;5;0;0;3;5;2;0;0;294;0;7;0;0;4
77;490000;17104,4049602;58660,0641934;414235,53;8135,47361315;3667,57451515;196;2;49;80;5;0;0;1;2;23;0;0;395;0;8;0;0;4
78;490000;23527,3813931;46294,9574123;420177,66;5774,98733126;4251,50478016;137;1;63;214;4;0;0;1;6;26;0;0;323;0;1;0;0;5
79;490000;19792,3845174;95988,9360218;374218,68;7726,87681573;3307,40193092;4;2;58;96;8;0;0;2;5;1;0;0;262;0;4;0;0;7
80;490000;25999,2940649;51197,63509;412803,07;6620,09946771;2312,52328053;85;6;18;93;7;0;0;2;8;8;0;0;111;0;7;0;0;2
81;490000;149283,708434;23514,7122901;317201,58;6437,72561504;4520,6399757;91;2;19;145;5;0;0;9;2;14;0;0;279;0;3;0;0;5
82;490000;38548,4831155;113142,571588;338308,95;3987,55099782;1390,89827734;46;2;25;381;4;0;0;2;4;3;0;0;99;0;4;0;0;7
83;490000;49183,1200075;87440,7988962;353376,08;4836,20328364;889,952322571;109;1;39;233;2;0;0;2;2;14;0;0;110;0;2;0;0;6
84;490000;22472,0335931;41661,4683072;425866,5;10225,8698451;1906,65429865;271;1;52;91;1;0;0;12;3;8;0;0;382;0;5;0;0;6
85;490000;8224,54905024;17123,3228587;464652,13;5035,6553493;724,941416352;73;1;3;114;8;0;0;4;8;2;0;0;661;0;7;0;0;2
86;490000;19951,4960728;31049,1099544;438999,39;4937,19314362;1185,59212736;227;1;2;84;2;0;0;6;2;32;0;0;555;0;14;0;0;1
87;490000;66294,7043948;63525,9609238;360179,33;7275,07929087;4121,10248636;200;1;2;199;2;0;0;2;9;10;0;0;566;0;5;0;0;1
88;490000;32842,4296501;107005,19313;350152,38;12110,477932;3746,19768119;154;1;15;261;3;0;0;2;13;4;0;0;376;0;14;0;0;1
89;490000;48167,464221;86830,4982491;355002,04;9680,7521381;3202,25133331;179;1;16;189;3;0;0;3;9;40;0;0;256;0;8;0;0;3
90;490000;23723,5674527;138435,147368;327841,29;5719,43054847;3879,1482225;209;3;19;169;2;0;0;2;8;8;0;0;519;0;9;0;0;2
91;490000;16317,1996541;38187,4157914;435495,38;7978,76780035;1926,35509063;250;3;46;255;4;0;0;1;11;17;0;0;451;0;14;0;0;2
92;490000;136902,42158;87546,2870242;265551,29;6667,88446153;2848,52923787;174;3;29;181;5;0;0;1;3;15;0;0;513;0;9;0;0;4
93;490000;24127,7031758;164246,776078;301625,52;9184,3651394;3534,46234443;122;2;37;321;10;0;0;4;5;6;0;0;333;0;9;0;0;5
94;490000;34199,3546791;150129,818729;305670,83;10835,1329788;4282,38131663;24;1;85;189;7;0;0;3;3;19;0;0;390;0;8;0;0;15
95;490000;46633,6464176;77957,0423669;365409,31;8825,67589177;3344,38485964;191;2;20;67;2;0;0;11;14;3;0;0;377;0;5;0;0;17
96;490000;24536,1707798;194344,406383;271119,42;7623,95044047;3875,23939813;144;2;32;189;4;0;0;11;9;3;0;0;506;0;1;0;0;3
97;490000;0;206056,575066;283943,42;11761,8048013;4151,74354472;1;2;27;13;5;0;0;2;10;1;0;0;413;0;10;0;0;8
98;490000;55054,5464897;202499,280384;232446,17;9488,25353108;4945,5930959;7;3;45;26;3;0;0;1;6;27;0;0;112;0;3;0;0;5
99;490000;69939,7331583;84978,3312858;335081,94;10901,5836869;3383,77050371;31;2;59;24;8;0;0;1;4;11;0;0;217;0;3;0;0;3
100;490000;36138,4166522;53857,6714117;400003,91;9687,1309467;3738,95760585;86;4;13;5;12;0;0;2;5;14;0;0;21;0;5;0;0;3
101;490000;16215,6484738;30464,0677781;443320,28;4249,52661057;1796,25917008;161;5;13;217;1;0;0;2;7;16;0;0;34;0;4;0;0;1
102;490000;18579,944435;54508,9171905;416911,14;9926,56189376;2140,10025392;82;1;9;269;1;0;0;4;6;9;0;0;22;0;5;0;0;2
103;490000;1153,77401042;693,971977635;488152,25;2733,27232981;117,772232675;46;2;22;232;7;0;0;3;4;2;0;0;50;0;8;0;0;2
104;490000;189751,971243;5293,24473273;294954,78;2412,9991508;789,019142817;125;1;20;275;1;0;0;13;3;4;0;0;251;0;9;0;0;1
105;490000;136077,936598;17057,5520799;336864,51;2042,2332006;1354,86793081;273;2;3;287;1;0;0;30;8;5;0;0;512;0;7;0;0;3
106;490000;5675,46932242;3099,09672379;481225,43;904,620698107;889,919569733;257;1;6;166;2;0;0;5;5;13;0;0;580;0;14;0;0;4
107;490000;19590,6095444;60893,7305527;409515,66;9197,74911295;2063,16644289;370;1;11;161;4;0;0;3;12;5;0;0;605;0;7;0;0;6
108;490000;29056,7440715;107400,222115;353543,03;11681,9803102;1067,31641755;186;3;12;215;13;0;0;1;4;2;0;0;641;0;9;0;0;5
109;490000;50914,4536595;74251,2597718;364834,29;9725,54899946;4578,51170554;332;2;6;243;12;0;0;2;6;10;0;0;472;0;6;0;0;14
110;490000;49488,619759;87652,799605;352858,58;11049,8362485;4058,52783633;492;4;12;239;6;0;0;1;3;8;0;0;409;0;17;0;0;4
111;490000;51178,0970974;85407,8043339;353414,1;12133,1760872;3107,51991399;230;2;8;280;2;0;0;1;10;3;0;0;362;0;12;0;0;11
112;490000;27110,6137771;113957,110999;348932,28;8369,84610126;3344,91391075;233;2;20;238;2;0;0;1;3;19;0;0;369;0;13;0;0;2
113;490000;38334,4539403;77559,6703022;374105,88;8913,95254072;4610,36288526;533;1;2;278;8;0;0;2;14;6;0;0;389;0;19;0;0;6
114;490000;52695,1258437;193894,28144;243410,59;9226,52472824;3322,1560728;118;2;11;243;3;0;0;7;9;12;0;0;467;0;1;0;0;1
115;490000;26738,9351741;233640,626278;229620,44;10578,5155432;2910,82019427;167;2;65;282;5;0;0;2;7;1;0;0;351;0;1;0;0;3
116;490000;24589,6805629;166579,260749;298831,06;9978,26846287;3982,02259387;11;4;18;199;3;0;0;4;4;3;0;0;347;0;9;0;0;1
117;490000;21410,8028153;194278,996758;274310,2;11342,1016497;4816,55043636;1;2;24;341;1;0;0;8;11;4;0;0;323;0;2;0;0;1
118;490000;48865,5697434;224935,64528;216198,78;10895,7416603;4689,53596374;21;2;6;63;3;0;0;4;14;4;0;0;624;0;2;0;0;1
119;490000;19999,4435875;252102,433379;217898,12;11246,0093006;2112,0700813;10;1;30;219;1;0;0;2;12;6;0;0;535;0;8;0;0;6
120;490000;101936,155226;179143,89012;208919,95;9785,60479548;2001,46962011;1;2;16;7;1;0;0;1;4;23;0;0;477;0;6;0;0;7
121;490000;13986,1674546;139374,861157;336638,97;12678,920406;4092,69876148;1;1;8;3;3;0;0;4;4;8;0;0;114;0;19;0;0;2
122;490000;48913,9534573;68925,9127624;372160,13;8000,94158193;4451,47010035;1;1;17;46;1;0;0;2;4;3;0;0;13;0;15;0;0;2
123;490000;8832,9998704;143269,041543;337897,96;12130,3212243;4236,24590967;208;1;44;3;10;0;0;1;1;2;0;0;2;0;16;0;0;5
124;490000;27680,3634651;22839,1999415;439480,44;3282,65794187;1201,22814053;1;3;85;16;4;0;0;1;6;11;0;0;4;0;12;0;0;15
125;490000;8580,98159649;0;481419,02;110,783943752;502,764833684;1;1;12;114;5;0;0;3;12;7;0;0;57;0;16;0;0;12
126;490000;6184,24614012;0;483815,75;166,227911269;193,294937964;31;1;15;78;1;0;0;3;11;1;0;0;7;0;13;0;0;6
127;490000;3518,69578347;0;486481,3;0,87670333689;152,182095489;242;2;14;37;2;0;0;2;12;3;0;0;279;0;4;0;0;3
128;490000;2282,63582597;0;487717,36;60,9627927153;207,19079947;22;2;2;167;1;0;0;1;7;2;0;0;3;0;6;0;0;2
129;490000;12,4702891525;0;489987,53;106,870132569;106,113851625;37;1;6;271;1;0;0;4;9;2;0;0;14;0;4;0;0;1
130;490000;76049,7303809;0;413950,27;230,65400137;227,62415963;124;0;5;262;4;0;0;2;4;1;0;0;12;0;1;0;0;2
131;490000;307946,554496;71,3228986931;181982,12;0;1075,59247378;187;0;8;305;2;0;0;4;8;1;0;0;10;0;1;0;0;3
132;490000;1326,34544075;0;488673,65;0;172,946287683;279;0;29;258;1;0;0;2;6;19;0;0;52;0;4;0;0;1
133;490000;23422,2018563;66813,0769268;399764,72;9684,81480689;0;82;0;2;344;6;0;0;1;7;2;0;0;31;0;2;0;0;1
134;490000;3872,47813083;772,882776677;485354,64;40,6096049848;0;321;0;16;203;2;0;0;3;6;1;0;0;40;0;6;0;0;1
135;490000;25807,9675711;54549,9482718;409642,08;1217,65611249;0;288;0;56;189;2;0;0;1;1;2;0;0;3;0;4;0;0;2
136;490000;395640,163062;4555,51441669;89804,32;584,811012684;0;364;0;38;190;3;0;0;2;4;2;0;0;6;0;5;0;0;2
137;490000;329923,183788;680,996269646;159395,82;217,071625839;0;357;0;23;122;6;0;0;1;10;0;0;0;11;0;14;0;0;3
138;490000;272530,510276;1556,30122228;215913,19;466,468292762;0;177;0;35;273;5;0;0;2;12;0;0;0;28;0;5;0;0;2
139;490000;183029,705509;22900,9890225;284069,31;1703,79859968;0;502;0;21;294;3;0;0;1;2;0;0;0;16;0;11;0;0;5
140;490000;74639,6826001;3232,64519542;412127,67;6426,30904315;0;565;0;25;183;8;0;0;2;4;0;0;0;6;0;6;0;0;4
141;490000;14,90691674;0;489985,09;364,886208635;0;628;0;55;263;8;0;0;1;7;0;0;0;19;0;3;0;0;2
142;490000;5144,89385123;0;484855,11;26,9035641142;0;377;0;29;262;2;0;0;2;6;0;0;0;147;0;1;0;0;3
143;490000;15029,7823584;0;474970,22;265,824072833;0;227;0;7;284;1;0;0;4;7;0;0;0;107;0;1;0;0;4
144;490000;40369,7605325;0;449630,24;438,566283002;0;341;0;50;207;3;0;0;2;7;0;0;0;8;0;3;0;0;5
145;490000;2432,49826784;0;487567,5;39,7096816456;0;98;0;13;40;7;0;0;1;11;0;0;0;166;0;6;0;0;4
146;490000;3191,59970736;0;486808,4;67,7736969082;0;17;0;6;29;3;0;0;0;15;0;0;0;578;0;2;0;0;2
147;490000;21786,3180318;1439,89164499;466773,79;0;0;35;0;11;35;5;0;0;0;5;0;0;0;390;0;1;0;0;1
148;490000;20582,3610947;0;469417,64;0;0;67;0;3;43;1;0;0;0;6;0;0;0;426;0;9;0;0;2
149;490000;3225,63571961;0;486774,36;0;0;2;0;6;122;5;0;0;0;4;0;0;0;687;0;7;0;0;1
150;490000;3143,41214554;0;486856,59;0;0;45;0;6;71;1;0;0;0;8;0;0;0;448;0;6;0;0;7
151;490000;0;0;490000;0;0;9;0;16;3;1;0;0;0;1;0;0;0;601;0;7;0;0;3
152;490000;142662,247491;21117,0999648;326220,65;2820,22915091;872,737032761;2;0;12;12;3;0;0;0;1;0;0;0;563;0;11;0;0;1
153;490000;167732,756793;76209,7169895;246057,53;7132,71601255;1726,62565904;8;0;29;84;1;0;0;0;1;0;0;0;414;0;6;0;0;2
154;490000;13780,4088518;45956,7901768;430262,8;5392,36755767;1054,59445336;134;0;27;178;1;0;0;0;4;0;0;0;485;0;5;0;0;1
155;490000;31362,9879132;68,476683071;458568,54;608,284534924;607,485045718;148;0;35;168;2;0;0;0;4;0;0;0;695;0;9;0;0;2
156;490000;35211,8483377;37050,6311676;417737,52;4103,6252525;1330,68285405;205;0;59;31;1;0;0;0;6;0;0;0;534;0;10;0;0;1
157;490000;34259,3629457;50100,1440624;405640,49;8339,20515783;2504,16742227;4;0;24;302;1;0;0;0;4;0;0;0;490;0;1;0;0;2
158;490000;24847,1509892;78226,7649665;386926,08;11719,6281978;2513,63254254;81;0;31;297;1;0;0;0;3;0;0;0;309;0;1;0;0;2
159;490000;23394,6246987;84479,2293258;382126,15;11013,2461612;3466,05935077;244;0;28;71;1;0;0;0;5;0;0;0;380;0;3;0;0;1
160;490000;37930,3677275;90667,9875409;361401,64;11856,6910989;4202,12113974;108;0;33;233;3;0;0;0;10;0;0;0;410;0;4;0;0;1
161;490000;59780,8394468;44981,7116397;385237,45;10678,448232;2675,60456606;394;0;36;237;1;0;0;0;4;0;0;0;433;0;1;0;0;2
162;490000;7640,49990845;88801,6030726;393557,9;12926,1638493;3325,78328206;338;0;3;320;2;0;0;0;13;0;0;0;257;0;3;0;0;1
163;490000;17929,7924172;88334,4924261;383735,72;9606,33279534;4402,15294581;984;0;7;229;2;0;0;0;4;0;0;0;282;0;10;0;0;2
164;490000;60135,8671261;113056,444648;316807,69;10515,5286951;2818,10851478;594;0;9;239;1;0;0;0;16;0;0;0;92;0;5;0;0;1
165;490000;43010,3374421;133191,324516;313798,34;9524,74287505;4585,20869713;289;0;18;277;1;0;0;0;2;0;0;0;42;0;2;0;0;2
166;490000;44131,2257383;126916,068536;318952,71;6777,5647125;2685,91366937;309;0;2;175;3;0;0;0;3;0;0;0;12;0;9;0;0;2
167;490000;3226,52918725;238292,618772;248480,85;11635,1902492;4138,63017363;199;0;2;254;2;0;0;0;1;0;0;0;199;0;2;0;0;1
168;490000;28917,0769394;232412,687115;228670,24;12420,6854828;3782,33851557;422;0;4;344;4;0;0;0;6;0;0;0;104;0;1;0;0;1
169;490000;25454,0400765;251389,262296;213156,7;10665,1169634;2755,35470545;388;0;9;96;1;0;0;0;1;0;0;0;4;0;7;0;0;1
170;490000;73405,4179682;184887,253871;231707,33;11368,6840333;2202,08652992;145;0;27;17;2;0;0;0;6;0;0;0;70;0;1;0;0;1
171;490000;666,702922243;204043,64161;285289,66;10341,1653857;2938,79119579;1;0;28;16;0;0;0;0;4;0;0;0;344;0;2;0;0;3
172;490000;15058,3934367;193896,150237;281045,46;11177,9209162;3506,84748;127;0;6;171;0;0;0;0;6;0;0;0;340;0;1;0;0;3
173;490000;15402,7693317;162445,369036;312151,86;9265,67792554;3102,0565958;31;0;10;60;0;0;0;0;3;0;0;0;421;0;2;0;0;1
174;490000;45749,0626538;54109,8550979;390141,08;5005,87284233;1798,09115055;8;0;19;4;0;0;0;0;3;0;0;0;47;0;3;0;0;4
175;490000;187401,294842;38273,3253653;264325,38;4033,6273023;1370,99293618;10;0;32;3;0;0;0;0;2;0;0;0;423;0;5;0;0;1
176;490000;189056,55419;7069,44916932;293874;3645,09409986;1817,83876898;16;0;24;10;0;0;0;0;3;0;0;0;480;0;6;0;0;4
177;490000;32518,0675515;6105,19954454;451376,73;3755,04180466;1154,96562368;16;0;40;19;0;0;0;0;8;0;0;0;375;0;3;0;0;2
178;490000;95993,922534;95173,8732955;298832,2;7768,00111503;3032,32615563;91;0;3;60;0;0;0;0;7;0;0;0;389;0;5;0;0;2
179;490000;36824,5521392;41970,0961068;411205,35;4267,44715532;882,04118381;16;0;35;4;0;0;0;0;8;0;0;0;443;0;5;0;0;1
180;490000;18263,1162463;5566,54174616;466170,34;2219,01130739;385,289982541;49;0;20;117;0;0;0;0;9;0;0;0;649;0;3;0;0;1
181;490000;32751,9790198;11370,5401458;445877,48;677,450571238;640,89188373;214;0;4;182;0;0;0;0;2;0;0;0;272;0;6;0;0;0
182;490000;18371,409303;84819,9917504;386808,6;4821,83048422;3612,40107467;254;0;3;139;0;0;0;0;8;0;0;0;288;0;3;0;0;0
183;490000;33195,2827013;76765,7097345;380039,01;8699,28126737;2452,53455825;368;0;13;269;0;0;0;0;4;0;0;0;423;0;5;0;0;0
184;490000;90510,691866;74877,6475602;324611,66;7486,04042693;2179,84774749;532;0;9;270;0;0;0;0;4;0;0;0;651;0;2;0;0;0
185;490000;296117,048683;4180,56425171;189702,39;1432,56630449;462,162481393;578;0;12;376;0;0;0;0;1;0;0;0;473;0;1;0;0;0
186;490000;11541,9910255;100219,615557;378238,39;11769,0258965;2531,14291504;522;0;13;434;0;0;0;0;2;0;0;0;424;0;3;0;0;0
187;490000;15473,4560079;94425,7839385;380100,76;10239,7280807;4229,57821971;443;0;17;482;0;0;0;0;2;0;0;0;315;0;1;0;0;0
188;490000;59709,5272154;74525,7647245;355764,71;5854,46876415;3142,98827004;476;0;53;309;0;0;0;0;2;0;0;0;91;0;3;0;0;0
189;490000;44121,4720739;247873,201782;198005,33;11376,3249148;3824,29150791;103;0;17;189;0;0;0;0;3;0;0;0;25;0;4;0;0;0
190;490000;19307,7033401;223403,125817;247289,17;11273,0010433;3030,46094285;165;0;18;200;0;0;0;0;4;0;0;0;10;0;1;0;0;0
191;490000;29933,8294997;199240,463574;260825,71;12998,6684727;4360,1886767;103;0;51;229;0;0;0;0;4;0;0;0;15;0;4;0;0;0
192;490000;68922,1980487;262496,290842;158581,51;12296,9762085;3209,01264693;9;0;44;65;0;0;0;0;3;0;0;0;10;0;4;0;0;0
193;490000;105877,836502;222859,842562;161262,32;11226,1012669;2187,08284937;147;0;2;40;0;0;0;0;6;0;0;0;24;0;6;0;0;0
194;490000;68772,7185486;173945,565655;247281,72;12576,5635308;2143,88457769;116;0;32;77;0;0;0;0;2;0;0;0;92;0;1;0;0;0
195;490000;55622,9143277;107957,47036;326419,62;8295,43531656;3509,96335226;9;0;46;9;0;0;0;0;4;0;0;0;169;0;3;0;0;0
196;490000;6148,69242074;205967,391175;277883,92;12286,2658354;4556,18112323;14;0;19;22;0;0;0;0;2;0;0;0;60;0;3;0;0;0
197;490000;0;252412,380849;237587,62;13331,4587096;2502,45995371;4;0;7;14;0;0;0;0;5;0;0;0;269;0;1;0;0;0
198;490000;132914,944058;29773,4543573;327311,6;5520,89320684;2687,94761423;42;0;23;193;0;0;0;0;6;0;0;0;438;0;0;0;0;0
199;490000;220180,255429;7646,02839342;262173,72;2117,75228679;2224,30420026;123;0;14;218;0;0;0;0;10;0;0;0;468;0;0;0;0;0
200;490000;7934,07954864;8944,00516211;473121,92;2305,16355416;711,733103115;287;0;8;375;0;0;0;0;2;0;0;0;335;0;0;0;0;0
201;490000;2017,08327643;54921,5228081;433061,39;7650,80884129;1465,61078546;222;0;2;266;0;0;0;0;4;0;0;0;479;0;0;0;0;0
202;490000;421,55088709;26921,0720936;462657,38;2827,18353416;623,166558001;217;0;4;168;0;0;0;0;2;0;0;0;381;0;0;0;0;0
203;490000;8533,62549062;413,905302518;481052,47;1043,75894495;720,356890655;528;0;4;246;0;0;0;0;4;0;0;0;504;0;0;0;0;0
204;490000;21351,9046166;16246,3252332;452401,77;1168,64996099;1195,03821561;198;0;4;197;0;0;0;0;2;0;0;0;630;0;0;0;0;0
205;490000;25462,2000621;48839,0512942;415698,75;1369,04042895;997,248766898;244;0;12;218;0;0;0;0;3;0;0;0;579;0;0;0;0;0
206;490000;31219,4953628;5877,74623233;452902,76;3045,82524801;1998,23780678;496;0;6;312;0;0;0;0;1;0;0;0;414;0;0;0;0;0
207;490000;42482,3460331;28872,221093;418645,43;3422,99223649;3298,29924807;674;0;44;407;0;0;0;0;6;0;0;0;577;0;0;0;0;0
208;490000;195303,762923;7449,92892619;287246,31;1483,64673061;1606,21278721;5470;0;14;566;0;0;0;0;10;0;0;0;399;0;0;0;0;0
209;490000;269483,47248;21555,4117231;198961,12;3739,50616587;2276,02059844;158;0;3;164;0;0;0;0;4;0;0;0;106;0;0;0;0;0
210;490000;22836,0872961;100373,657225;366790,26;8769,06023762;4626,7989574;117;0;7;67;0;0;0;0;4;0;0;0;162;0;0;0;0;0
211;490000;19135,9551866;136902,120331;333961,92;8723,79777504;4864,42136171;88;0;26;83;0;0;0;0;15;0;0;0;137;0;0;0;0;0
212;490000;22273,2826741;261956,079135;205770,64;11212,2000851;4161,66059488;47;0;26;152;0;0;0;0;2;0;0;0;3;0;0;0;0;0
213;490000;49584,985499;226416,801304;213998,21;11573,5751054;4350,03031548;25;0;50;71;0;0;0;0;3;0;0;0;13;0;0;0;0;0
214;490000;77679,956793;237388,675314;174931,37;13805,0821649;2287,15707265;5;0;27;65;0;0;0;0;2;0;0;0;41;0;0;0;0;0
215;490000;66870,3760465;263219,674006;159909,95;14994,4711512;4465,85347702;41;0;17;19;0;0;0;0;4;0;0;0;82;0;0;0;0;0
216;490000;84659,3760673;229432,578212;175908,05;14864,0181919;4797,4673874;8;0;14;9;0;0;0;0;1;0;0;0;233;0;0;0;0;0
217;490000;79473,1079617;170007,488663;240519,4;12497,2693668;3741,07354648;13;0;2;21;0;0;0;0;1;0;0;0;362;0;0;0;0;0
218;490000;110509,209887;129970,027842;249520,76;9364,8320623;2115,81152891;18;0;2;11;0;0;0;0;2;0;0;0;502;0;0;0;0;0
219;490000;70743,5463696;122243,056873;297013,4;9171,06211674;3135,53196345;12;0;3;141;0;0;0;0;2;0;0;0;494;0;0;0;0;0
220;490000;154104,999342;116717,325914;219177,67;10768,1483481;2629,28858475;43;0;8;302;0;0;0;0;5;0;0;0;381;0;0;0;0;0
221;490000;208501,534995;95257,166921;186241,3;4547,1809123;1136,51819625;112;0;19;192;0;0;0;0;4;0;0;0;560;0;0;0;0;0
222;490000;106741,152306;21029,4617708;362229,39;4010,83421977;2659,71810262;118;0;37;335;0;0;0;0;8;0;0;0;367;0;0;0;0;0
223;490000;7053,59258597;6153,66168401;476792,75;6392,92109055;845,260824033;281;0;17;329;0;0;0;0;2;0;0;0;373;0;0;0;0;0
224;490000;9356,02950101;23244,670619;457399,3;75,59277216;75,4442629625;256;0;15;284;0;0;0;0;1;0;0;0;478;0;0;0;0;0
225;490000;25728,3789813;98824,515318;365447,11;3255,67528678;1391,37806733;185;0;4;286;0;0;0;0;6;0;0;0;469;0;0;0;0;0
226;490000;34682,5286599;14332,6128723;440984,86;3249,00976359;2155,0253387;316;0;6;191;0;0;0;0;2;0;0;0;801;0;0;0;0;0
227;490000;47241,1113284;9850,9938325;432907,89;2091,35482809;1555,77839756;232;0;3;230;0;0;0;0;4;0;0;0;269;0;0;0;0;0
228;490000;41434,6534037;48307,7639316;400257,58;7756,5158415;2111,78683041;79;0;23;318;0;0;0;0;6;0;0;0;227;0;0;0;0;0
229;490000;21775,6784681;66421,0991833;401803,22;9200,2307174;2650,66683131;328;0;15;355;0;0;0;0;7;0;0;0;189;0;0;0;0;0
230;490000;5854,87063111;91178,3655387;392966,76;13595,2241733;3381,89301639;289;0;20;93;0;0;0;0;4;0;0;0;300;0;0;0;0;0
231;490000;52668,6501184;62958,1315744;374373,22;11441,9438598;4302,60385058;398;0;20;89;0;0;0;0;6;0;0;0;70;0;0;0;0;0
232;490000;50004,2469096;68235,4922717;371760,26;9047,15819543;4577,26117747;85;0;6;113;0;0;0;0;2;0;0;0;56;0;0;0;0;0
233;490000;30448,6944829;115792,384272;343758,92;12058,1913045;4842,06766441;73;0;5;21;0;0;0;0;3;0;0;0;17;0;0;0;0;0
234;490000;35846,8063199;213053,710554;241099,48;9731,59194934;3507,87468646;10;0;3;25;0;0;0;0;4;0;0;0;42;0;0;0;0;0
235;490000;78904,6171568;148599,443659;262495,94;9227,90969142;3583,49313393;2;0;3;49;0;0;0;0;4;0;0;0;25;0;0;0;0;0
236;490000;51575,9402559;247044,801087;191379,26;13772,9417898;4771,72844271;48;0;5;4;0;0;0;0;10;0;0;0;27;0;0;0;0;0
237;490000;71188,0614846;259528,829205;159283,11;14322,2941522;4285,32557621;1;0;23;6;0;0;0;0;4;0;0;0;74;0;0;0;0;0
238;490000;70937,5295638;220161,291115;198901,18;16176,558716;3667,72356401;5;0;19;3;0;0;0;0;6;0;0;0;11;0;0;0;0;0
239;490000;235399,945582;59919,9633826;194680,09;9208,24052762;2155,79611611;3;0;9;3;0;0;0;0;3;0;0;0;238;0;0;0;0;0
240;490000;149034,194616;76850,1988708;264115,61;5504,91569917;2628,95723507;1;0;2;25;0;0;0;0;2;0;0;0;346;0;0;0;0;0
241;490000;195458,391177;58494,3212553;236047,29;5709,07779506;1804,9535143;5;0;3;25;0;0;0;0;2;0;0;0;342;0;0;0;0;0
242;490000;231281,072331;89493,2365125;169225,69;7922,59467158;3409,59762763;3;0;9;44;0;0;0;0;3;0;0;0;547;0;0;0;0;0
243;490000;379490,023188;38651,4876548;71858,49;4820,68516717;107,793510884;26;0;20;102;0;0;0;0;1;0;0;0;432;0;0;0;0;0
244;490000;64316,4589093;1437,80566353;424245,74;5530,20123038;1211,14558133;12;0;15;55;0;0;0;0;5;0;0;0;385;0;0;0;0;0
245;490000;6730,75125674;1250,69168769;482018,56;2503,93037345;446,080790335;33;0;8;15;0;0;0;0;2;0;0;0;544;0;0;0;0;0
246;490000;2908,40106026;1509,13408609;485582,46;1573,55009112;1013,1341559;31;0;9;129;0;0;0;0;2;0;0;0;397;0;0;0;0;0
247;490000;19469,3988198;9785,5572809;460745,04;718,969161284;715,498377635;134;0;0;165;0;0;0;0;1;0;0;0;342;0;0;0;0;0
248;490000;2924,98204258;7604,18899018;479470,83;376,268669001;152,809605833;223;0;0;46;0;0;0;0;1;0;0;0;401;0;0;0;0;0
249;490000;127108,369859;13339,4008814;349552,23;5341,82992706;2374,41502385;110;0;0;35;0;0;0;0;1;0;0;0;327;0;0;0;0;0
250;490000;18684,6161505;2914,90804479;468400,48;3961,20876913;1759,20624117;89;0;0;165;0;0;0;0;0;0;0;0;346;0;0;0;0;0
251;490000;24960,0140852;29475,7387285;435564,25;7393,66260242;2024,53669916;282;0;0;232;0;0;0;0;0;0;0;0;204;0;0;0;0;0
252;490000;39751,6384143;77743,1290879;372505,23;11735,5580199;2290,58398884;181;0;0;31;0;0;0;0;0;0;0;0;170;0;0;0;0;0
253;490000;40297,842192;71691,401363;378010,76;9532,43137198;3313,53917221;190;0;0;355;0;0;0;0;0;0;0;0;33;0;0;0;0;0
254;490000;24192,3913799;78621,7286223;387185,88;12540,5040896;3219,25521569;334;0;0;307;0;0;0;0;0;0;0;0;36;0;0;0;0;0
255;490000;26126,6824384;92997,574605;370875,74;12932,2130533;1608,79778532;84;0;0;167;0;0;0;0;0;0;0;0;190;0;0;0;0;0
256;490000;13526,8983045;69560,8931449;406912,21;10503,5639939;3230,74944618;14;0;0;40;0;0;0;0;0;0;0;0;25;0;0;0;0;0
257;490000;0;129947,958993;360052,04;13413,5974473;3394,1333516;68;0;0;294;0;0;0;0;0;0;0;0;9;0;0;0;0;0
258;490000;41515,0103513;163597,540151;284887,45;10126,0612487;3846,9964158;36;0;0;139;0;0;0;0;0;0;0;0;36;0;0;0;0;0
259;490000;16636,748116;206391,920453;266971,33;9735,90785343;1730,35933668;73;0;0;63;0;0;0;0;0;0;0;0;4;0;0;0;0;0
260;490000;68628,8962757;204029,282812;217341,82;12845,4149988;4072,87027131;7;0;0;3;0;0;0;0;0;0;0;0;24;0;0;0;0;0
261;490000;63806,0045032;216708,973966;209485,02;14434,2792992;1236,28327057;1;0;0;3;0;0;0;0;0;0;0;0;5;0;0;0;0;0
262;490000;263925,112841;66066,7719716;160008,12;4578,75782043;3119,23748516;4;0;0;30;0;0;0;0;0;0;0;0;9;0;0;0;0;0
263;490000;269477,109129;30574,0076845;189948,88;5760,20907038;1789,03144367;48;0;0;78;0;0;0;0;0;0;0;0;2;0;0;0;0;0
264;490000;210122,298754;92333,9635321;187543,74;5321,01131404;1365,68497277;51;0;0;62;0;0;0;0;0;0;0;0;6;0;0;0;0;0
265;490000;351227,278265;57190,8878817;81581,83;1490,85654517;478,390881947;141;0;0;18;0;0;0;0;0;0;0;0;4;0;0;0;0;0
266;490000;163511,37484;13217,8223668;313270,8;1948,20181538;757,871837822;28;0;0;105;0;0;0;0;0;0;0;0;6;0;0;0;0;0
267;490000;10970,7275619;14457,2515442;464572,02;4964,75344594;2623,32006763;176;0;0;171;0;0;0;0;0;0;0;0;52;0;0;0;0;0
268;490000;17996,0945649;4185,98453289;467817,92;1137,72268505;699,540631699;162;0;0;85;0;0;0;0;0;0;0;0;45;0;0;0;0;0
269;490000;12711,2193318;3658,87823351;473629,9;134,100545015;134,356102154;85;0;0;78;0;0;0;0;0;0;0;0;71;0;0;0;0;0
270;490000;39828,2975366;7094,21158539;443077,49;1684,34306941;773,688728976;96;0;0;91;0;0;0;0;0;0;0;0;177;0;0;0;0;0
271;490000;105691,153394;202,052061003;384106,79;772,76393213;772,362499164;100;0;0;24;0;0;0;0;0;0;0;0;257;0;0;0;0;0
272;490000;90158,8040231;0;399841,2;651,282823397;492,106776384;10;0;0;168;0;0;0;0;0;0;0;0;44;0;0;0;0;0
273;490000;16950,0513693;0;473049,95;751,315877433;714,526690587;164;0;0;175;0;0;0;0;0;0;0;0;642;0;0;0;0;0
274;490000;40013,3250324;0;449986,67;119,921480167;141,05812006;150;0;0;284;0;0;0;0;0;0;0;0;401;0;0;0;0;0
275;490000;58656,3731876;32,9693543978;431310,66;821,140323409;0;153;0;0;370;0;0;0;0;0;0;0;0;147;0;0;0;0;0
276;490000;415515,552431;4960,71037501;69523,74;78,6856047715;0;136;0;0;214;0;0;0;0;0;0;0;0;217;0;0;0;0;0
277;490000;424670,083488;14437,8371476;50892,08;142,506366574;0;134;0;0;200;0;0;0;0;0;0;0;0;372;0;0;0;0;0
278;490000;2193,31335144;0;487806,69;279,833542544;0;96;0;0;9;0;0;0;0;0;0;0;0;295;0;0;0;0;0
279;490000;27972,6102903;0;462027,39;1129,16469176;0;3;0;0;3;0;0;0;0;0;0;0;0;63;0;0;0;0;0
280;490000;0,24846049843;0;489999,75;542,589157553;0;1;0;0;18;0;0;0;0;0;0;0;0;475;0;0;0;0;0
281;490000;438,228212039;0;489561,77;18,7927198982;0;8;0;0;4;0;0;0;0;0;0;0;0;553;0;0;0;0;0
282;490000;0;1048,01911845;488951,98;0;0;11;0;0;16;0;0;0;0;0;0;0;0;379;0;0;0;0;0
283;490000;0;0;490000;0;0;1;0;0;10;0;0;0;0;0;0;0;0;112;0;0;0;0;0
284;490000;0;0;490000;0;0;20;0;0;25;0;0;0;0;0;0;0;0;388;0;0;0;0;0
285;490000;0;0;490000;0;0;10;0;0;21;0;0;0;0;0;0;0;0;262;0;0;0;0;0
286;490000;0;0;490000;0;0;17;0;0;24;0;0;0;0;0;0;0;0;250;0;0;0;0;0
287;490000;0;0;490000;0;0;182;0;0;22;0;0;0;0;0;0;0;0;3;0;0;0;0;0
288;490000;41,3039158089;0;489958,7;0;0;11;0;0;18;0;0;0;0;0;0;0;0;9;0;0;0;0;0
289;490000;0;0;490000;0;0;3;0;0;186;0;0;0;0;0;0;0;0;10;0;0;0;0;0
290;490000;0;0;490000;0;0;91;0;0;6;0;0;0;0;0;0;0;0;76;0;0;0;0;0
291;490000;0;0;490000;0;0;216;0;0;43;0;0;0;0;0;0;0;0;116;0;0;0;0;0
292;490000;0;0;490000;0;0;56;0;0;89;0;0;0;0;0;0;0;0;94;0;0;0;0;0
293;490000;0,15977814065;0;489999,84;0;0;91;0;0;233;0;0;0;0;0;0;0;0;24;0;0;0;0;0
294;490000;2229,46661054;0;487770,53;0;0;310;0;0;214;0;0;0;0;0;0;0;0;314;0;0;0;0;0
295;490000;0;0;490000;0;0;31;0;0;128;0;0;0;0;0;0;0;0;285;0;0;0;0;0
296;490000;0;0;490000;0;0;17;0;0;276;0;0;0;0;0;0;0;0;191;0;0;0;0;0
297;490000;0;0;490000;0;0;1;0;0;147;0;0;0;0;0;0;0;0;254;0;0;0;0;0
298;490000;0,99187051638;0;489999,01;0;0;3;0;0;36;0;0;0;0;0;0;0;0;125;0;0;0;0;0
299;490000;0;0;490000;0;0;15;0;0;3;0;0;0;0;0;0;0;0;3;0;0;0;0;0
300;490000;0;0;490000;0;0;15;0;0;6;0;0;0;0;0;0;0;0;33;0;0;0;0;0
301;490000;0;0;490000;0;0;7;0;0;10;0;0;0;0;0;0;0;0;451;0;0;0;0;0
302;490000;0;0;490000;0;0;5;0;0;33;0;0;0;0;0;0;0;0;349;0;0;0;0;0
303;490000;191902,984529;1109,74606382;296987,27;2384,48643701;784,142426273;9;0;0;4;0;0;0;0;0;0;0;0;437;0;0;0;0;0
304;490000;27983,5200105;23700,2426059;438316,24;2320,16168246;1318,29453223;2;0;0;9;0;0;0;0;0;0;0;0;368;0;0;0;0;0
305;490000;10386,1465755;44146,856945;435467;2356,19609557;1401,96704799;73;0;0;3;0;0;0;0;0;0;0;0;267;0;0;0;0;0
306;490000;31099,4597618;21831,0582094;437069,48;4212,2317904;2799,12342194;36;0;0;12;0;0;0;0;0;0;0;0;306;0;0;0;0;0
307;490000;53481,7423342;17217,1536849;419301,1;5257,95073583;2410,58842905;63;0;0;3;0;0;0;0;0;0;0;0;29;0;0;0;0;0
308;490000;32365,282481;33315,2975172;424319,42;4438,03797753;2270,48370894;119;0;0;192;0;0;0;0;0;0;0;0;3;0;0;0;0;0
309;490000;24838,3375406;47711,5778747;417450,08;4684,85682839;1406,41397772;38;0;0;217;0;0;0;0;0;0;0;0;25;0;0;0;0;0
310;490000;9646,21423256;83776,1315672;396577,65;9618,76019282;2665,04413002;301;0;0;163;0;0;0;0;0;0;0;0;11;0;0;0;0;0
311;490000;12324,0426009;93401,0416367;384274,92;8892,71534654;3418,32935778;22;0;0;214;0;0;0;0;0;0;0;0;12;0;0;0;0;0
312;490000;20152,9380165;46258,7508968;423588,31;2905,76361588;1631,74546718;8;0;0;151;0;0;0;0;0;0;0;0;2;0;0;0;0;0
313;490000;43076,0991898;37716,5416498;409207,36;3323,51617886;2956,58336936;12;0;0;97;0;0;0;0;0;0;0;0;8;0;0;0;0;0
314;490000;32815,0405332;129803,275078;327381,68;7941,19888658;4084,88211349;5;0;0;16;0;0;0;0;0;0;0;0;52;0;0;0;0;0
315;490000;167299,789634;127624,23049;195075,98;9402,67202414;3247,44625092;14;0;0;27;0;0;0;0;0;0;0;0;75;0;0;0;0;0
316;490000;272046,597232;54821,5062156;163131,9;2410,42932506;804,675851017;139;0;0;18;0;0;0;0;0;0;0;0;29;0;0;0;0;0
317;490000;44378,0212525;100015,914718;345606,06;11912,8744642;3393,35693159;69;0;0;6;0;0;0;0;0;0;0;0;72;0;0;0;0;0
318;490000;28024,3317334;118796,922873;343178,75;13558,7720795;5292,06923039;52;0;0;10;0;0;0;0;0;0;0;0;42;0;0;0;0;0
319;490000;12895,3706654;82223,8989539;394880,73;6420,57694242;2219,95254918;32;0;0;12;0;0;0;0;0;0;0;0;56;0;0;0;0;0
320;490000;95986,7783532;41929,8996246;352083,32;3221,00774769;860,423075173;53;0;0;34;0;0;0;0;0;0;0;0;240;0;0;0;0;0
321;490000;71106,6121977;50554,7793474;368338,61;8927,02522697;3477,04574147;33;0;0;13;0;0;0;0;0;0;0;0;19;0;0;0;0;0
322;490000;28684,7394023;40327,2853816;420987,98;6900,16461591;2967,28745258;36;0;0;17;0;0;0;0;0;0;0;0;70;0;0;0;0;0
323;490000;23887,3339305;11100,0774961;455012,59;5047,14787961;1957,9412961;8;0;0;148;0;0;0;0;0;0;0;0;188;0;0;0;0;0
324;490000;17932,6741289;94,3230759851;471973;1270,13815724;802,432000232;9;0;0;426;0;0;0;0;0;0;0;0;479;0;0;0;0;0
325;490000;4264,61848678;7749,03405643;477986,35;918,929961872;76,1400928425;1;0;0;193;0;0;0;0;0;0;0;0;284;0;0;0;0;0
326;490000;257517,829705;636,561480015;231845,61;1001,00151019;1081,59319893;1;0;0;35;0;0;0;0;0;0;0;0;190;0;0;0;0;0
327;490000;20321,1121205;107317,709426;362361,18;5668,62169186;747,469265853;3;0;0;73;0;0;0;0;0;0;0;0;313;0;0;0;0;0
328;490000;51728,7975807;45202,9260787;393068,28;7051,92977963;1630,89392705;44;0;0;46;0;0;0;0;0;0;0;0;176;0;0;0;0;0
329;490000;198227,795398;88390,8618076;203381,34;5102,54943282;1190,44257932;188;0;0;3;0;0;0;0;0;0;0;0;54;0;0;0;0;0
330;490000;109300,491069;116360,947491;264338,56;5873,89898844;1400,14730034;70;0;0;3;0;0;0;0;0;0;0;0;5;0;0;0;0;0
331;490000;130,409734566;116883,337588;372986,25;7843,70423067;2599,74361092;94;0;0;3;0;0;0;0;0;0;0;0;26;0;0;0;0;0
332;490000;961,665915168;98049,3124127;390989,02;11552,1923063;2118,77510351;41;0;0;3;0;0;0;0;0;0;0;0;8;0;0;0;0;0
333;490000;39286,2324527;64831,4440521;385882,32;5156,24861239;1969,4814332;173;0;0;20;0;0;0;0;0;0;0;0;23;0;0;0;0;0
334;490000;14616,2171711;133051,041781;342332,74;5125,69438878;3412,05698744;83;0;0;26;0;0;0;0;0;0;0;0;101;0;0;0;0;0
335;490000;115015,777914;89292,498194;285691,72;6258,96271876;1029,96849536;285;0;0;60;0;0;0;0;0;0;0;0;15;0;0;0;0;0
336;490000;469158,228833;5870,74550863;14971,03;379,983539875;285,977800523;69;0;0;188;0;0;0;0;0;0;0;0;31;0;0;0;0;0
337;490000;256995,556379;44616,6299337;188387,81;1943,57465153;1252,8069569;61;0;0;229;0;0;0;0;0;0;0;0;13;0;0;0;0;0
338;490000;73667,0133813;107923,996728;308408,99;7124,39133692;3166,18162353;2;0;0;166;0;0;0;0;0;0;0;0;42;0;0;0;0;0
339;490000;44815,4878765;80714,5143612;364470;9455,39514015;2870,42000093;2;0;0;88;0;0;0;0;0;0;0;0;36;0;0;0;0;0
340;490000;15030,5187027;95373,3581214;379596,12;11984,8969427;4886,43013157;28;0;0;34;0;0;0;0;0;0;0;0;325;0;0;0;0;0
341;490000;36849,7436091;73729,6754531;379420,58;11473,5286419;3478,35434141;5;0;0;84;0;0;0;0;0;0;0;0;353;0;0;0;0;0
342;490000;27274,4424082;84831,9466753;377893,61;10577,1193992;3653,57540553;1;0;0;75;0;0;0;0;0;0;0;0;219;0;0;0;0;0
343;490000;19153,9742128;65976,9277269;404869,1;9888,86858018;2126,57866695;18;0;0;56;0;0;0;0;0;0;0;0;371;0;0;0;0;0
344;490000;36040,8993498;2636,36625432;451322,73;2351,90555316;1588,56897313;6;0;0;8;0;0;0;0;0;0;0;0;208;0;0;0;0;0
345;490000;24864,3472854;4557,95948202;460577,69;890,916643596;2,70283613846;3;0;0;9;0;0;0;0;0;0;0;0;108;0;0;0;0;0
346;490000;15128,0360521;20116,1028932;454755,86;2113,09439103;957,903002362;17;0;0;6;0;0;0;0;0;0;0;0;18;0;0;0;0;0
347;490000;18636,3364658;5195,72524759;466167,94;723,167211035;730,685214846;22;0;0;9;0;0;0;0;0;0;0;0;26;0;0;0;0;0
348;490000;159140,521296;2983,60076124;327875,88;1255,81673091;543,891635161;19;0;0;9;0;0;0;0;0;0;0;0;24;0;0;0;0;0
349;490000;387416,499718;225,232224098;102358,27;233,048661546;190,557364491;3;0;0;4;0;0;0;0;0;0;0;0;16;0;0;0;0;0
350;490000;12820,9197173;1290,74625835;475888,33;502,76805894;550,742932563;2;0;0;3;0;0;0;0;0;0;0;0;6;0;0;0;0;0
351;490000;15850,2333226;28547,1372825;445602,63;2317,40256505;177,805928818;1;0;0;3;0;0;0;0;0;0;0;0;68;0;0;0;0;0
352;490000;5278,25074344;46201,7533917;438520;2349,62546469;795,34095579;140;0;0;13;0;0;0;0;0;0;0;0;33;0;0;0;0;0
353;490000;187776,270453;19650,9963733;282572,73;2573,52727679;730,681138194;2;0;0;55;0;0;0;0;0;0;0;0;70;0;0;0;0;0
354;490000;131156,996371;52737,8027036;306105,2;3155,3180578;700,683921596;7;0;0;66;0;0;0;0;0;0;0;0;30;0;0;0;0;0
355;490000;36158,6024593;58424,417621;395416,98;2742,51076728;1619,93757984;2;0;0;6;0;0;0;0;0;0;0;0;38;0;0;0;0;0
356;490000;8888,17496223;130118,027349;350993,8;2678,6776744;1103,30092837;39;0;0;18;0;0;0;0;0;0;0;0;309;0;0;0;0;0
357;490000;70650,6584879;105345,254931;314004,09;3200,75943573;864,602662272;3;0;0;3;0;0;0;0;0;0;0;0;597;0;0;0;0;0
358;490000;6977,53661191;66832,5947624;416189,87;12414,6293216;1724,07990797;3;0;0;99;0;0;0;0;0;0;0;0;215;0;0;0;0;0
359;490000;233623,108029;31618,3800758;224758,51;1592,39434646;408,512881636;5;0;0;18;0;0;0;0;0;0;0;0;53;0;0;0;0;0
360;490000;358974,020101;19012,8223735;112013,16;2846,91175269;406,611566917;6;0;0;12;0;0;0;0;0;0;0;0;138;0;0;0;0;0
361;490000;140561,022822;67981,9504738;281457,03;4908,37595848;2315,29050069;1;0;0;6;0;0;0;0;0;0;0;0;59;0;0;0;0;0
362;490000;24001,9976194;89534,2181363;376463,78;9853,65279183;4144,82288644;1;0;0;12;0;0;0;0;0;0;0;0;3;0;0;0;0;0
363;490000;52607,103304;64811,6533337;372581,24;8929,55350284;2295,8057138;19;0;0;13;0;0;0;0;0;0;0;0;6;0;0;0;0;0
364;490000;15969,0833657;32347,446528;441683,47;8283,33728606;2740,13748734;1;0;0;6;0;0;0;0;0;0;0;0;9;0;0;0;0;0
365;490000;11903,6772243;93234,8379309;384861,48;11873,2582999;1639,42170673;4;0;0;3;0;0;0;0;0;0;0;0;2;0;0;0;0;0
366;490000;41792,5116535;37791,5674897;410415,92;7338,41763021;1771,29494095;0;0;0;9;0;0;0;0;0;0;0;0;17;0;0;0;0;0
367;490000;40339,6500394;13835,7751782;435824,57;3268,08222686;1551,29873482;0;0;0;3;0;0;0;0;0;0;0;0;2;0;0;0;0;0
368;490000;4536,77214206;551,570436704;484911,66;434,445412342;94,7542457497;0;0;0;6;0;0;0;0;0;0;0;0;27;0;0;0;0;0
369;490000;31555,1181356;997,472285972;457447,41;1639,23029671;428,527964022;0;0;0;6;0;0;0;0;0;0;0;0;77;0;0;0;0;0
370;490000;18888,8946488;922,497305139;470188,61;572,301882053;527,634117304;0;0;0;4;0;0;0;0;0;0;0;0;115;0;0;0;0;0
371;490000;26716,0633308;3327,81032605;459956,13;669,915799495;312,41736497;0;0;0;0;0;0;0;0;0;0;0;0;431;0;0;0;0;0
372;490000;5837,90737263;28445,5916398;455716,5;2759,65960538;650,720555088;0;0;0;0;0;0;0;0;0;0;0;0;428;0;0;0;0;0
373;490000;6004,24962358;113661,087717;370334,66;3969,69504497;946,259498187;0;0;0;0;0;0;0;0;0;0;0;0;205;0;0;0;0;0
374;490000;33813,7267526;21456,7947984;434729,48;1400,06392274;718,050960541;0;0;0;0;0;0;0;0;0;0;0;0;90;0;0;0;0;0
375;490000;686,607193517;46133,607095;443179,79;2141,95247008;706,754345604;0;0;0;0;0;0;0;0;0;0;0;0;45;0;0;0;0;0
376;490000;142739,056619;75229,6700638;272031,27;1222,94353947;520,294292328;0;0;0;0;0;0;0;0;0;0;0;0;6;0;0;0;0;0
377;490000;84500,6647211;66171,2874387;339328,05;2855,47950702;1761,89242481;0;0;0;0;0;0;0;0;0;0;0;0;12;0;0;0;0;0
378;490000;118211,562505;62365,1448797;309423,29;858,88894032;176,134105656;0;0;0;0;0;0;0;0;0;0;0;0;128;0;0;0;0;0
379;490000;91936,89751;101152,382543;296910,72;9050,40797808;3083,39259169;0;0;0;0;0;0;0;0;0;0;0;0;87;0;0;0;0;0
380;490000;28964,0897934;85413,3922437;375622,52;10105,5115516;3123,77812872;0;0;0;0;0;0;0;0;0;0;0;0;38;0;0;0;0;0
381;490000;82083,6731788;43323,7298155;364592,6;8765,17568881;2932,57547189;0;0;0;0;0;0;0;0;0;0;0;0;19;0;0;0;0;0
382;490000;17590,1237228;86021,1522527;386388,72;10246,1160803;3048,99527209;0;0;0;0;0;0;0;0;0;0;0;0;5;0;0;0;0;0
383;490000;76266,8007827;37567,4206072;376165,78;9464,07368381;2769,10539034;0;0;0;0;0;0;0;0;0;0;0;0;22;0;0;0;0;0
384;490000;35147,2611793;11817,6240487;443035,11;8023,60249399;603,402021275;0;0;0;0;0;0;0;0;0;0;0;0;16;0;0;0;0;0
385;490000;46820,9159264;264,775955089;442914,31;2357,05389142;1438,7297102;0;0;0;0;0;0;0;0;0;0;0;0;2;0;0;0;0;0
386;490000;53105,2116719;8810,45797658;428084,33;2703,56241102;1834,35910886;0;0;0;0;0;0;0;0;0;0;0;0;4;0;0;0;0;0
387;490000;4410,19550938;9523,47628926;476066,33;2551,01769369;227,13368145;0;0;0;0;0;0;0;0;0;0;0;0;7;0;0;0;0;0
388;490000;30705,609114;605,622768739;458688,77;1541,39422387;1211,96534991;0;0;0;0;0;0;0;0;0;0;0;0;6;0;0;0;0;0
389;490000;20482,5947514;2247,54347409;467269,86;1026,6336404;997,355466053;0;0;0;0;0;0;0;0;0;0;0;0;5;0;0;0;0;0
390;490000;83991,3903154;53163,5681685;352845,04;1702,80527867;614,522950932;0;0;0;0;0;0;0;0;0;0;0;0;3;0;0;0;0;0
391;490000;97779,8733634;25015,3351809;367204,79;1292,61283474;701,650260433;0;0;0;0;0;0;0;0;0;0;0;0;13;0;0;0;0;0
392;490000;25976,0321159;84371,3547188;379652,61;3313,73965365;1094,36896371;0;0;0;0;0;0;0;0;0;0;0;0;28;0;0;0;0;0
393;490000;19563,8407891;74290,9648417;396145,19;2304,83689788;1558,21062909;0;0;0;0;0;0;0;0;0;0;0;0;98;0;0;0;0;0
394;490000;310801,626233;32421,171488;146777,2;4756,25721208;19,1035211522;0;0;0;0;0;0;0;0;0;0;0;0;68;0;0;0;0;0
395;490000;48495,0877573;83577,3998993;357927,51;7995,57431352;1457,98927774;0;0;0;0;0;0;0;0;0;0;0;0;4;0;0;0;0;0
396;490000;11241,9373376;93082,8953241;385675,17;13746,9253933;3478,2701851;0;0;0;0;0;0;0;0;0;0;0;0;16;0;0;0;0;0
397;490000;54395,0638493;44358,678457;391246,26;7843,50540841;2712,95042059;0;0;0;0;0;0;0;0;0;0;0;0;12;0;0;0;0;0
398;490000;59698,2834306;22977,8493296;407323,87;4318,16832214;2824,31803321;0;0;0;0;0;0;0;0;0;0;0;0;12;0;0;0;0;0
399;490000;52679,9830003;47391,7472065;389928,27;5756,95055751;737,337222496;0;0;0;0;0;0;0;0;0;0;0;0;30;0;0;0;0;0
400;490000;31995,405704;11968,1037556;446036,49;3355,99957476;1043,44775904;0;0;0;0;0;0;0;0;0;0;0;0;6;0;0;0;0;0
401;490000;34295,8955273;1049,82089914;454654,28;2553,56380917;963,961236046;0;0;0;0;0;0;0;0;0;0;0;0;96;0;0;0;0;0
402;490000;13842,9560842;4747,54167905;471409,5;2494,55139437;1334,93452908;0;0;0;0;0;0;0;0;0;0;0;0;3;0;0;0;0;0
403;490000;7702,79981181;4292,11763416;478005,08;325,567760675;193,44152868;0;0;0;0;0;0;0;0;0;0;0;0;12;0;0;0;0;0
404;490000;2353,04657353;9362,91226888;478284,04;748,610578416;733,642637209;0;0;0;0;0;0;0;0;0;0;0;0;4;0;0;0;0;0
405;490000;588,511466193;1545,24617592;487866,24;403,685920376;353,321503749;0;0;0;0;0;0;0;0;0;0;0;0;27;0;0;0;0;0
406;490000;131795,664815;6949,73202529;351254,6;725,443059088;288,144055095;0;0;0;0;0;0;0;0;0;0;0;0;39;0;0;0;0;0
407;490000;81825,6432121;2135,40509043;406038,95;1109,98964778;2,7540481957;0;0;0;0;0;0;0;0;0;0;0;0;8;0;0;0;0;0
408;490000;25159,8405428;704,383441654;464135,78;2322,07729065;709,715332054;0;0;0;0;0;0;0;0;0;0;0;0;51;0;0;0;0;0
409;490000;209132,387764;41194,9860827;239672,63;2285,33316421;788,728523811;0;0;0;0;0;0;0;0;0;0;0;0;2;0;0;0;0;0
410;490000;91621,110641;10272,0096415;388106,88;6995,58606487;175,776173735;0;0;0;0;0;0;0;0;0;0;0;0;90;0;0;0;0;0
411;490000;17324,3090887;40623,6409265;432052,05;10175,5344483;1083,06161218;0;0;0;0;0;0;0;0;0;0;0;0;23;0;0;0;0;0
412;490000;26143,7834824;61005,6161895;402850,6;10807,8758033;2687,41598775;0;0;0;0;0;0;0;0;0;0;0;0;4;0;0;0;0;0
413;490000;41301,7856727;76202,5800405;372495,63;7718,86844792;2684,42564745;0;0;0;0;0;0;0;0;0;0;0;0;9;0;0;0;0;0
414;490000;25506,4882349;25922,7960132;438570,72;6595,49298341;1325,34342402;0;0;0;0;0;0;0;0;0;0;0;0;12;0;0;0;0;0
415;490000;12505,1862282;8003,25527371;469491,56;4060,8472172;958,9140797;0;0;0;0;0;0;0;0;0;0;0;0;6;0;0;0;0;0
416;490000;10572,5265728;925,804398943;478501,67;1385,09720855;559,015228629;0;0;0;0;0;0;0;0;0;0;0;0;23;0;0;0;0;0
417;490000;82620,5804141;1779,91592305;405599,5;823,972304057;639,938455271;0;0;0;0;0;0;0;0;0;0;0;0;18;0;0;0;0;0
418;490000;7998,89863994;750,798689948;481250,3;10470,0071159;1103,99235262;0;0;0;0;0;0;0;0;0;0;0;0;27;0;0;0;0;0
419;490000;30656,1650209;24267,2838732;435076,55;6386,49013471;426,385050891;0;0;0;0;0;0;0;0;0;0;0;0;38;0;0;0;0;0
420;490000;16349,0039796;11750,8695011;461900,13;3485,121313;705,555735916;0;0;0;0;0;0;0;0;0;0;0;0;2;0;0;0;0;0
421;490000;29802,0008338;119,128106508;460078,87;882,641671875;181,1313291;0;0;0;0;0;0;0;0;0;0;0;0;19;0;0;0;0;0
422;490000;127811,403699;301,640102486;361886,96;122,509936207;173,772879272;0;0;0;0;0;0;0;0;0;0;0;0;8;0;0;0;0;0
423;490000;17665,7139515;1037,90745646;471296,38;2472,95774273;185,289808337;0;0;0;0;0;0;0;0;0;0;0;0;7;0;0;0;0;0
424;490000;30571,4837293;0;459428,52;106,536594763;425,42332447;0;0;0;0;0;0;0;0;0;0;0;0;2;0;0;0;0;0
425;490000;3202,89876397;0;486797,1;1331,71329278;1209,83791332;0;0;0;0;0;0;0;0;0;0;0;0;12;0;0;0;0;0
426;490000;101581,536847;0;388418,46;905,900570953;904,820582367;0;0;0;0;0;0;0;0;0;0;0;0;11;0;0;0;0;0
427;490000;1626,33845234;0;488373,66;218,930185324;254,5886197;0;0;0;0;0;0;0;0;0;0;0;0;14;0;0;0;0;0
428;490000;19285,0769353;0;470714,92;1418,03979098;98,1555980074;0;0;0;0;0;0;0;0;0;0;0;0;3;0;0;0;0;0
429;490000;15501,8692779;0;474498,13;832,770680772;99,4210114777;0;0;0;0;0;0;0;0;0;0;0;0;2;0;0;0;0;0
430;490000;14543,6931425;0;475456,31;1549,10235893;536,469290826;0;0;0;0;0;0;0;0;0;0;0;0;4;0;0;0;0;0
431;490000;241462,319321;0;248537,68;455,681247469;178,977158963;0;0;0;0;0;0;0;0;0;0;0;0;6;0;0;0;0;0
432;490000;112,322925646;0;489887,68;119,218004065;2,17416453806;0;0;0;0;0;0;0;0;0;0;0;0;13;0;0;0;0;0
433;490000;24520,6829101;7086,3788409;458392,94;1534,17689889;0;0;0;0;0;0;0;0;0;0;0;0;0;6;0;0;0;0;0
434;490000;306327,328279;663,880282054;183008,79;62,2687486186;0;0;0;0;0;0;0;0;0;0;0;0;0;11;0;0;0;0;0
435;490000;41972,265587;20675,1213656;427352,61;2051,52175263;0;0;0;0;0;0;0;0;0;0;0;0;0;6;0;0;0;0;0
436;490000;90541,4362397;30009,8672218;369448,7;5345,98711523;0;0;0;0;0;0;0;0;0;0;0;0;0;0;0;0;0;0;0
437;490000;28543,82842;119631,664997;341824,51;6562,48052921;0;0;0;0;0;0;0;0;0;0;0;0;0;0;0;0;0;0;0
438;490000;32293,9237989;4847,10642387;452858,97;609,786095741;0;0;0;0;0;0;0;0;0;0;0;0;0;0;0;0;0;0;0
439;490000;112867,079138;171969,8618;205163,06;451,936256234;0;0;0;0;0;0;0;0;0;0;0;0;0;0;0;0;0;0;0
440;490000;266223,687837;72004,2586705;151772,05;541,537302643;0;0;0;0;0;0;0;0;0;0;0;0;0;0;0;0;0;0;0
441;490000;272351,882104;43406,960423;174241,16;1684,78638855;0;0;0;0;0;0;0;0;0;0;0;0;0;0;0;0;0;0;0
442;490000;396441,258454;16421,5365384;77137,21;1741,09150776;0;0;0;0;0;0;0;0;0;0;0;0;0;0;0;0;0;0;0
443;490000;18083,1526546;32117,2614537;439799,59;1768,90384403;0;0;0;0;0;0;0;0;0;0;0;0;0;0;0;0;0;0;0
444;490000;4646,26269854;105184,860077;380168,88;1319,30459485;0;0;0;0;0;0;0;0;0;0;0;0;0;0;0;0;0;0;0
445;490000;71886,0845906;12436,1663343;405677,75;479,216356844;0;0;0;0;0;0;0;0;0;0;0;0;0;0;0;0;0;0;0
446;490000;80833,2073014;54126,3979599;355040,39;10840,2158724;0;0;0;0;0;0;0;0;0;0;0;0;0;0;0;0;0;0;0
447;490000;257888,364101;80133,3773955;151978,26;2269,28020196;0;0;0;0;0;0;0;0;0;0;0;0;0;0;0;0;0;0;0
448;490000;369349,619922;49204,4069522;71445,97;846,360759462;0;0;0;0;0;0;0;0;0;0;0;0;0;0;0;0;0;0;0
449;490000;15458,1482412;647,642441253;473894,21;771,930202872;0;0;0;0;0;0;0;0;0;0;0;0;0;0;0;0;0;0;0
450;490000;96946,1540816;6905,49683395;386148,35;402,909975808;0;0;0;0;0;0;0;0;0;0;0;0;0;0;0;0;0;0;0
451;490000;99273,1175267;103247,889169;287478,99;1246,18042252;0;0;0;0;0;0;0;0;0;0;0;0;0;0;0;0;0;0;0
452;490000;25007,5725627;165596,640665;299395,79;1905,29797696;0;0;0;0;0;0;0;0;0;0;0;0;0;0;0;0;0;0;0
453;490000;344871,065611;22716,3935839;122412,54;176,628477922;0;0;0;0;0;0;0;0;0;0;0;0;0;0;0;0;0;0;0
454;490000;185909,219165;26827,9316269;277262,85;564,097699532;0;0;0;0;0;0;0;0;0;0;0;0;0;0;0;0;0;0;0
455;490000;199441,244522;68736,487702;221822,27;51,1232829306;0;0;0;0;0;0;0;0;0;0;0;0;0;0;0;0;0;0;0
456;490000;201771,969561;62157,9974122;226070,03;62,650199593;0;0;0;0;0;0;0;0;0;0;0;0;0;0;0;0;0;0;0
457;490000;163931,562943;47968,5817656;278099,86;849,322033201;0;0;0;0;0;0;0;0;0;0;0;0;0;0;0;0;0;0;0
458;490000;280159,653386;25943,7826663;183896,56;3095,39190546;0;0;0;0;0;0;0;0;0;0;0;0;0;0;0;0;0;0;0
459;490000;84100,5637378;4579,15493646;401320,28;467,670250606;0;0;0;0;0;0;0;0;0;0;0;0;0;0;0;0;0;0;0
460;490000;113294,81075;753,373981086;375951,82;744,555441702;0;0;0;0;0;0;0;0;0;0;0;0;0;0;0;0;0;0;0
461;490000;78218,4757776;6026,88375243;405754,64;732,557252165;0;0;0;0;0;0;0;0;0;0;0;0;0;0;0;0;0;0;0
462;490000;48022,5022282;1653,28830296;440324,21;632,338709778;0;0;0;0;0;0;0;0;0;0;0;0;0;0;0;0;0;0;0
463;490000;78783,6023263;41,5352320044;411174,86;923,081360732;0;0;0;0;0;0;0;0;0;0;0;0;0;0;0;0;0;0;0
464;490000;217909,355958;847,527433252;271243,12;113,292380261;0;0;0;0;0;0;0;0;0;0;0;0;0;0;0;0;0;0;0
465;490000;106095,569067;3206,58877752;380697,84;707,84782925;0;0;0;0;0;0;0;0;0;0;0;0;0;0;0;0;0;0;0
466;490000;263601,450617;16257,9897707;210140,56;157,856403761;0;0;0;0;0;0;0;0;0;0;0;0;0;0;0;0;0;0;0
467;490000;702,782450538;30551,4655835;458745,75;1347,1365557;0;0;0;0;0;0;0;0;0;0;0;0;0;0;0;0;0;0;0
468;490000;105831,372544;37569,6753094;346598,95;2074,07175436;0;0;0;0;0;0;0;0;0;0;0;0;0;0;0;0;0;0;0
469;490000;367419,781772;12032,5805589;110547,64;497,290758251;0;0;0;0;0;0;0;0;0;0;0;0;0;0;0;0;0;0;0
470;490000;308590,077391;201,242961268;181208,68;337,104646036;0;0;0;0;0;0;0;0;0;0;0;0;0;0;0;0;0;0;0
471;490000;208886,430593;698,874003602;280414,7;258,666689512;0;0;0;0;0;0;0;0;0;0;0;0;0;0;0;0;0;0;0
472;490000;166943,218071;40,1529479899;323016,63;875,446450705;0;0;0;0;0;0;0;0;0;0;0;0;0;0;0;0;0;0;0
473;490000;12995,8947931;1663,33687943;475340,77;234,360634037;0;0;0;0;0;0;0;0;0;0;0;0;0;0;0;0;0;0;0
474;490000;156556,687397;1523,83065054;331919,48;307,501871312;0;0;0;0;0;0;0;0;0;0;0;0;0;0;0;0;0;0;0
475;490000;4726,28243427;2518,21948155;482755,5;152,400918209;0;0;0;0;0;0;0;0;0;0;0;0;0;0;0;0;0;0;0
476;490000;6012,03190211;1565,16937611;482422,8;802,765261252;0;0;0;0;0;0;0;0;0;0;0;0;0;0;0;0;0;0;0
477;490000;58824,2047616;404,366337021;430771,43;650,973482708;0;0;0;0;0;0;0;0;0;0;0;0;0;0;0;0;0;0;0
478;490000;268275,275059;21809,9577684;199914,77;557,800004612;0;0;0;0;0;0;0;0;0;0;0;0;0;0;0;0;0;0;0
479;490000;170458,836086;15838,4055295;303702,76;192,9545435;0;0;0;0;0;0;0;0;0;0;0;0;0;0;0;0;0;0;0
480;490000;172266,921312;222,324745987;317510,75;251,497140693;0;0;0;0;0;0;0;0;0;0;0;0;0;0;0;0;0;0;0
481;490000;296694,459107;162,16761103;193143,37;2197,02006725;0;0;0;0;0;0;0;0;0;0;0;0;0;0;0;0;0;0;0
482;490000;29,2615324303;32,6262105017;489938,11;273,169102188;0;0;0;0;0;0;0;0;0;0;0;0;0;0;0;0;0;0;0
483;490000;5645,31661296;0;484354,68;116,425196238;0;0;0;0;0;0;0;0;0;0;0;0;0;0;0;0;0;0;0
484;490000;23576,9230686;0;466423,08;255,63188886;0;0;0;0;0;0;0;0;0;0;0;0;0;0;0;0;0;0;0
485;490000;12057,143609;0;477942,86;101,498720836;0;0;0;0;0;0;0;0;0;0;0;0;0;0;0;0;0;0;0
486;490000;45113,1830782;0;444886,82;190,644117745;0;0;0;0;0;0;0;0;0;0;0;0;0;0;0;0;0;0;0
487;490000;0;0;490000;64,4876845362;0;0;0;0;0;0;0;0;0;0;0;0;0;0;0;0;0;0;0
488;490000;116247,364193;0;373752,64;697,481062064;0;0;0;0;0;0;0;0;0;0;0;0;0;0;0;0;0;0;0
489;490000;0;0;490000;0,48580697975;0;0;0;0;0;0;0;0;0;0;0;0;0;0;0;0;0;0;0
490;490000;52726,6096419;0;437273,39;280,948598238;0;0;0;0;0;0;0;0;0;0;0;0;0;0;0;0;0;0;0
491;490000;642,481222643;0;489357,52;106,443975106;0;0;0;0;0;0;0;0;0;0;0;0;0;0;0;0;0;0;0
492;490000;96944,2886283;29,2250039975;393026,49;0;0;0;0;0;0;0;0;0;0;0;0;0;0;0;0;0;0;0;0
493;490000;335363,959674;13904,6090126;140731,43;0;0;0;0;0;0;0;0;0;0;0;0;0;0;0;0;0;0;0;0
494;490000;197374,876948;26824,4578565;265800,67;0;0;0;0;0;0;0;0;0;0;0;0;0;0;0;0;0;0;0;0
495;490000;38233,5071249;49243,7381028;402522,75;0;0;0;0;0;0;0;0;0;0;0;0;0;0;0;0;0;0;0;0
496;490000;6066,75616599;2434,61003531;481498,63;0;0;0;0;0;0;0;0;0;0;0;0;0;0;0;0;0;0;0;0
497;490000;236018,285599;168,016698975;253813,7;0;0;0;0;0;0;0;0;0;0;0;0;0;0;0;0;0;0;0;0
498;490000;480,469235483;3843,92046052;485675,61;0;0;0;0;0;0;0;0;0;0;0;0;0;0;0;0;0;0;0;0
499;490000;0;0;490000;0;0;0;0;0;0;0;0;0;0;0;0;0;0;0;0;0;0;0;0
500;490000;0;0;490000;0;0;0;0;0;0;0;0;0;0;0;0;0;0;0;0;0;0;0;0
501;490000;0;0;490000;0;0;0;0;0;0;0;0;0;0;0;0;0;0;0;0;0;0;0;0
502;490000;0;0;490000;0;0;0;0;0;0;0;0;0;0;0;0;0;0;0;0;0;0;0;0
503;490000;0;0;490000;0;0;0;0;0;0;0;0;0;0;0;0;0;0;0;0;0;0;0;0
504;490000;0;0;490000;0;0;0;0;0;0;0;0;0;0;0;0;0;0;0;0;0;0;0;0
505;490000;0;0;490000;0;0;0;0;0;0;0;0;0;0;0;0;0;0;0;0;0;0;0;0
506;490000;0;0;490000;0;0;0;0;0;0;0;0;0;0;0;0;0;0;0;0;0;0;0;0
507;490000;0;0;490000;0;0;0;0;0;0;0;0;0;0;0;0;0;0;0;0;0;0;0;0
508;490000;0;0;490000;0;0;0;0;0;0;0;0;0;0;0;0;0;0;0;0;0;0;0;0
509;490000;0;0;490000;0;0;0;0;0;0;0;0;0;0;0;0;0;0;0;0;0;0;0;0
510;490000;0;0;490000;0;0;0;0;0;0;0;0;0;0;0;0;0;0;0;0;0;0;0;0
511;490000;0;0;490000;0;0;0;0;0;0;0;0;0;0;0;0;0;0;0;0;0;0;0;0
512;490000;0;0;490000;0;0;0;0;0;0;0;0;0;0;0;0;0;0;0;0;0;0;0;0
513;490000;0;0;490000;0;0;0;0;0;0;0;0;0;0;0;0;0;0;0;0;0;0;0;0
514;490000;0;0;490000;0;0;0;0;0;0;0;0;0;0;0;0;0;0;0;0;0;0;0;0
515;490000;0;0;490000;0;0;0;0;0;0;0;0;0;0;0;0;0;0;0;0;0;0;0;0
516;490000;0;0;490000;0;0;0;0;0;0;0;0;0;0;0;0;0;0;0;0;0;0;0;0
517;490000;0;0;490000;0;0;0;0;0;0;0;0;0;0;0;0;0;0;0;0;0;0;0;0
518;490000;83428,2369376;0;406571,76;0;0;0;0;0;0;0;0;0;0;0;0;0;0;0;0;0;0;0;0
519;490000;0;0;490000;0;0;0;0;0;0;0;0;0;0;0;0;0;0;0;0;0;0;0;0
520;490000;0;0;490000;0;0;0;0;0;0;0;0;0;0;0;0;0;0;0;0;0;0;0;0
521;490000;66409,9836448;0;423590,02;0;0;0;0;0;0;0;0;0;0;0;0;0;0;0;0;0;0;0;0
522;490000;161196,788365;0;328803,21;0;0;0;0;0;0;0;0;0;0;0;0;0;0;0;0;0;0;0;0
523;490000;23636,5462167;0;466363,45;0;0;0;0;0;0;0;0;0;0;0;0;0;0;0;0;0;0;0;0
524;490000;13390,8336015;0;476609,17;0;0;0;0;0;0;0;0;0;0;0;0;0;0;0;0;0;0;0;0
525;490000;1618,84362262;0;488381,16;0;0;0;0;0;0;0;0;0;0;0;0;0;0;0;0;0;0;0;0
526;490000;106347,648036;0;383652,35;0;0;0;0;0;0;0;0;0;0;0;0;0;0;0;0;0;0;0;0
527;490000;12893,6977521;0;477106,3;0;0;0;0;0;0;0;0;0;0;0;0;0;0;0;0;0;0;0;0
528;490000;0;0;490000;0;0;0;0;0;0;0;0;0;0;0;0;0;0;0;0;0;0;0;0
529;490000;0;0;490000;0;0;0;0;0;0;0;0;0;0;0;0;0;0;0;0;0;0;0;0
530;490000;64910,0007331;0;425090;0;0;0;0;0;0;0;0;0;0;0;0;0;0;0;0;0;0;0;0
531;490000;2261,01496428;0;487738,99;0;0;0;0;0;0;0;0;0;0;0;0;0;0;0;0;0;0;0;0
